id,Rank,Country,TotalPrize,NumPlayers,TopGame,TopGameEarnings,TopGamePct
156,1,China,333125153.95,9387,Dota 2,86891959.84,26.08
840,2,United States,302310373.81,29506,Fortnite,53027943.18,17.54
410,3,Korea,157154934.92,5987,League of Legends,41645617.74,26.5
643,4,Russian Federation,98802081.46,5900,Dota 2,43702776.36,44.23
76,5,Brazil,74227001.41,6076,Rainbow Six Siege,13311887.49,17.93
208,6,Denmark,64983477.8,2212,Counter-Strike: Global Offensive,23097482.88,35.54
250,7,France,63305148.91,6709,Counter-Strike: Global Offensive,9837046.88,15.54
752,8,Sweden,59204386.47,3367,Dota 2,19712156.23,33.3
276,9,Germany,53322358.81,6986,Dota 2,11787651.15,22.11
124,10,Canada,50923056.73,4397,Fortnite,9302404.96,18.27
826,11,United Kingdom,50678488.56,5750,Fortnite,8814283.8,17.39
392,12,Japan,43539468.19,4007,PLAYERUNKNOWN'S BATTLEGROUNDS Mobile,5800971.79,13.32
804,13,Ukraine,41266588.03,1727,Dota 2,23998272.69,58.15
36,14,Australia,34850191.99,4639,Dota 2,8037226.7,23.06
246,15,Finland,34242723.88,2216,Dota 2,17476715.63,51.04
616,16,Poland,32940769.41,3164,Counter-Strike: Global Offensive,8387347.8,25.46
764,17,Thailand,31615491.27,2319,Arena of Valor,7319551.96,23.15
608,18,Philippines,27381660.37,1918,Dota 2,12177411.28,44.47
458,19,Malaysia,23483951.29,1723,Dota 2,14607944.37,62.2
158,20,"Taiwan, Republic of China",23126488.07,1726,League of Legends,5975442.71,25.84
360,21,Indonesia,21898365.11,2653,Free Fire,5211526.21,23.8
704,22,Viet Nam,20062703.41,2831,Arena of Valor,5040274.48,25.12
528,23,Netherlands,19417763.5,2259,Fortnite,3554617.69,18.31
724,24,Spain,16836886.45,2920,Rocket League,1665894.22,9.89
682,25,Saudi Arabia,15933871.91,1763,Rocket League,4643417.95,29.14
792,26,Turkey,15372442.78,1736,PLAYERUNKNOWN'S BATTLEGROUNDS Mobile,3761651.81,24.47
578,27,Norway,14368356.16,1436,Fortnite,3476489.68,24.2
376,28,Israel,11445555.89,309,Dota 2,6631114.65,57.94
484,29,Mexico,11088869.33,1601,Fortnite,2289163.79,20.64
32,30,Argentina,11054993.83,1595,Fortnite,2731740.03,24.71
100,31,Bulgaria,10520011.81,450,Dota 2,6171762.25,58.67
400,32,Jordan,9954854.92,173,Dota 2,8824338.05,88.64
604,33,Peru,9845444.01,727,Dota 2,8101662.08,82.29
380,34,Italy,8436692.19,1756,Fortnite,891903.4,10.57
233,35,Estonia,8344307.33,377,Dota 2,4347152.4,52.1
356,36,India,8014054.92,1639,PLAYERUNKNOWN'S BATTLEGROUNDS Mobile,3843448.97,47.96
702,37,Singapore,7840011.31,1210,Dota 2,2793685.08,35.63
586,38,Pakistan,7157077.25,447,Dota 2,4820531.06,67.35
203,39,Czech Republic,7112140.35,1308,Dota 2,1312160.47,18.45
398,40,Kazakhstan,6885899.1,845,Counter-Strike: Global Offensive,3301917.92,47.95
496,41,Mongolia,6868171.72,346,PLAYERUNKNOWN'S BATTLEGROUNDS Mobile,2837996.17,41.32
703,42,Slovakia,6654328.66,400,Dota 2,3212433.42,48.28
40,43,Austria,6628282.31,752,Fortnite,3866667.67,58.34
642,44,Romania,6553501.11,703,Dota 2,2808712.09,42.86
56,45,Belgium,6284274.82,1004,League of Legends,1049436.82,16.7
620,46,Portugal,6112590.52,1234,Counter-Strike: Global Offensive,981914.68,16.06
422,47,Lebanon,5874730.12,126,Dota 2,5094150.81,86.71
344,48,Hong Kong,5380808.51,720,Fortnite,1245534.74,23.15
112,49,Belarus,5345267.51,441,Dota 2,2353678.01,44.03
807,50,North Macedonia,4706315.64,94,Dota 2,3725918.3,79.17
688,51,Serbia,4666060.03,448,Fortnite,2287053.98,49.01
152,52,Chile,4189237.29,934,VALORANT,937312.24,22.37
70,53,Bosnia and Herzegovina,4020227.68,89,Counter-Strike: Global Offensive,2080849.26,51.76
428,54,Latvia,3757817.92,368,Counter-Strike: Global Offensive,1414586.9,37.64
756,55,Switzerland,3520704.08,736,Fortnite,2083890.97,59.19
705,56,Slovenia,3444842.44,187,Fortnite,2147795.8,62.35
818,57,Egypt,3411552.44,347,CrossFire,1198463.63,35.13
300,58,Greece,2865073.3,557,Dota 2,1279589.85,44.66
348,59,Hungary,2772541.21,789,Counter-Strike 2,591060.03,21.32
554,60,New Zealand,2737648.92,482,Fortnite,784506.1,28.66
440,61,Lithuania,2696555.83,431,Counter-Strike: Global Offensive,707904.22,26.25
710,62,South Africa,2486049.1,884,Counter-Strike: Global Offensive,1020902.5,41.07
51,63,Armenia,2350099.48,56,Dota 2,1406297.55,59.84
191,64,Croatia,2203492.13,331,League of Legends,723534.89,32.84
504,65,Morocco,2194798.76,231,Rocket League,1088111.33,49.58
446,66,Macao,1819458.11,37,Dota 2,1336593.81,73.46
498,67,Moldova,1706897.78,82,Dota 2,1308690.41,76.67
524,68,Nepal,1685473.25,171,PLAYERUNKNOWN'S BATTLEGROUNDS Mobile,1626521.14,96.5
104,69,Myanmar,1580633.38,278,Mobile Legends: Bang Bang,755090.6,47.77
417,70,Kyrgyzstan,1559921.28,110,Dota 2,1301645.41,83.44
368,71,Iraq,1536020.96,158,PLAYERUNKNOWN'S BATTLEGROUNDS Mobile,1200851.54,78.18
372,72,Ireland,1506563.47,369,Fortnite,262721.98,17.44
170,73,Colombia,1432554.96,426,Free Fire,219374.07,15.31
860,74,Uzbekistan,1401185.35,207,Dota 2,512051.16,36.54
214,75,Dominican Republic,1266032.01,133,Street Fighter V,268835.2,21.23
630,76,Puerto Rico,1128335.57,158,NBA 2K20,250000.0,22.16
784,77,United Arab Emirates,1126246.92,285,Street Fighter 6,365153.0,32.42
858,78,Uruguay,1122946.35,176,Counter-Strike 2,163449.17,14.56
68,79,Bolivia,1097798.26,72,Dota 2,1004571.08,91.51
364,80,"Iran, Islamic Republic of",1072378.3,171,Chess.com,569426.81,53.1
116,81,Cambodia,899777.15,247,Mobile Legends: Bang Bang,498772.65,55.43
12,82,Algeria,869063.58,145,PLAYERUNKNOWN'S BATTLEGROUNDS Mobile,234443.68,26.98
414,83,Kuwait,838446.88,222,Rainbow Six Siege,198065.93,23.62
192,84,Cuba,684906.19,51,Fortnite,293333.34,42.83
268,85,Georgia,679252.03,124,PLAYERUNKNOWN’S BATTLEGROUNDS,344693.1,50.75
31,86,Azerbaijan,677050.77,112,chess24,295261.5,43.61
320,87,Guatemala,596547.07,57,Counter-Strike 2,339526.67,56.92
383,88,Kosovo,580526.17,72,Counter-Strike: Global Offensive,377651.8,65.05
760,89,Syrian Arab Republic,573387.51,64,PLAYERUNKNOWN'S BATTLEGROUNDS Mobile,300824.11,52.46
48,90,Bahrain,539518.66,59,Fortnite,349397.2,64.76
499,91,Montenegro,491235.7,19,Counter-Strike: Global Offensive,386656.12,78.71
862,92,Venezuela,471861.37,207,League of Legends,60648.11,12.85
788,93,Tunisia,421259.81,119,League of Legends,165174.37,39.21
418,94,Laos,363675.84,109,Dota 2,282599.43,77.71
218,95,Ecuador,319056.05,86,Free Fire,156083.34,48.92
50,96,Bangladesh,296257.37,132,PLAYERUNKNOWN'S BATTLEGROUNDS Mobile,127158.36,42.92
776,97,Tonga,293090.17,1,Call of Duty: Warzone,293090.17,100.0
352,98,Iceland,283300.68,183,Overwatch,102284.6,36.1
558,99,Nicaragua,266466.08,13,Dota 2,182331.98,68.43
188,100,Costa Rica,200354.0,91,League of Legends,53540.21,26.72
275,101,"Palestine, State of",191592.98,40,League of Legends,93631.92,48.87
470,102,Malta,187994.59,301,FIFA 18,38778.7,20.63
686,103,Senegal,177159.17,12,FIFA 21,63958.34,36.1
591,104,Panama,143797.61,68,Fortnite,77940.0,54.2
8,105,Albania,143647.5,69,PLAYERUNKNOWN’S BATTLEGROUNDS,44105.94,30.7
442,106,Luxembourg,140463.9,67,Fortnite,40933.2,29.14
292,107,Gibraltar,129663.11,2,PLAYERUNKNOWN’S BATTLEGROUNDS,126324.51,97.43
634,108,Qatar,122571.18,63,Fortnite,22485.0,18.34
512,109,Oman,114489.95,40,Fortnite,92578.05,80.86
96,110,Brunei Darussalam,109475.63,215,PLAYERUNKNOWN'S BATTLEGROUNDS Mobile,59118.95,54.0
340,111,Honduras,102812.29,30,PLAYERUNKNOWN'S BATTLEGROUNDS Mobile,66731.21,64.91
887,112,Yemen,89051.24,12,Rocket League,38388.05,43.11
4,113,Afghanistan,79984.2,10,Call of Duty: Black Ops 4,73870.6,92.36
600,114,Paraguay,69699.69,49,PLAYERUNKNOWN'S BATTLEGROUNDS Mobile,21111.66,30.29
434,115,Libyan Arab Jamahiriya,66120.3,17,PLAYERUNKNOWN'S BATTLEGROUNDS Mobile,54833.39,82.93
222,116,El Salvador,47351.19,20,Pokemon Unite,12425.0,26.24
638,117,Reunion,45605.23,37,Rocket League,45605.23,100.0
144,118,Sri Lanka,33112.34,34,Vainglory,11010.97,33.25
566,119,Nigeria,32186.71,8,PLAYERUNKNOWN'S BATTLEGROUNDS Mobile,17086.71,53.09
120,120,Cameroon,31899.2,1,Street Fighter 6,10173.55,31.89
388,121,Jamaica,26074.54,18,Call of Duty: Warzone,13516.67,51.84
581,122,US Minor Outlying Islands,25105.0,3,Battlefield 2: Modern Combat,25000.0,99.58
231,123,Ethiopia,24869.95,2,Overwatch,23669.95,95.17
480,124,Mauritius,21523.33,29,Call of Duty: Mobile,7333.33,34.07
780,125,Trinidad and Tobago,17419.26,8,Fortnite,3775.0,21.67
258,126,French Polynesia,16773.21,3,League of Legends,15027.58,89.59
304,127,Greenland,15325.0,3,Fortnite,15325.0,100.0
492,128,Monaco,12764.54,5,Chess.com,7812.5,61.2
384,129,Côte D'Ivoire,10909.22,7,Tekken 7,7200.0,66.0
234,130,Faroe Islands,9849.49,27,Counter-Strike: Global Offensive,9296.06,94.38
462,131,Maldives,9796.54,11,Rocket League,9675.0,98.76
312,132,Guadeloupe,8888.64,1,FIFA 18,8330.0,93.72
328,133,Guyana,8366.67,2,PLAYERUNKNOWN'S BATTLEGROUNDS Mobile,7666.67,91.63
516,134,Namibia,8271.59,7,Counter-Strike: Global Offensive,5000.0,60.45
795,135,Turkmenistan,7553.95,12,Dota 2,6450.0,85.39
729,136,Sudan,6455.84,4,PLAYERUNKNOWN'S BATTLEGROUNDS Mobile,6355.84,98.45
242,137,Fiji,6415.25,2,Fortnite,5801.67,90.44
530,138,Netherlands Antilles,5700.0,1,Overwatch 2,5700.0,100.0
740,139,Suriname,5655.04,3,Pokemon Unite,4683.33,82.82
540,140,New Caledonia,5112.97,6,Shadowverse,3300.0,64.54
832,141,Jersey,4706.33,4,Echo Arena,3453.33,73.38
833,142,Isle of Man,4546.67,3,iRacing.com,2786.0,61.28
834,143,Tanzania,4500.0,1,Magic: The Gathering Arena,4500.0,100.0
450,144,Madagascar,4458.0,8,Tekken 7,2400.0,53.84
716,145,Zimbabwe,4360.0,2,PLAYERUNKNOWN'S BATTLEGROUNDS Mobile,4260.0,97.71
248,146,Åland Islands,3920.2,19,Heroes of Newerth,2737.38,69.83
831,147,Guernsey,3670.11,1,Rocket League,3670.11,100.0
288,148,Ghana,3649.89,6,FIFA 19,2808.76,76.95
762,149,Tajikistan,3475.0,1,PLAYERUNKNOWN'S BATTLEGROUNDS Mobile,3475.0,100.0
196,150,Cyprus,2906.09,13,Rocket League,1306.63,44.96
508,151,Mozambique,2345.69,5,PLAYERUNKNOWN'S BATTLEGROUNDS Mobile,1920.0,81.85
404,152,Kenya,2304.94,6,Overwatch,1482.62,64.32
332,153,Haiti,1900.0,1,Fortnite,1900.0,100.0
16,154,American Samoa,1750.0,1,Rainbow Six Siege,1750.0,100.0
894,155,Zambia,1635.44,2,Mortal Kombat 11,1224.2,74.85
24,156,Angola,1400.0,5,PLAYERUNKNOWN'S BATTLEGROUNDS Mobile,1200.0,85.71
316,157,Guam,1250.0,1,Tekken 8,1250.0,100.0
768,158,Togo,1200.0,1,Tekken 7,1200.0,100.0
20,159,Andorra,952.26,5,Chess.com,575.0,60.38
478,160,Mauritania,759.0,1,Hearthstone,759.0,100.0
876,161,Wallis And Futuna,600.0,1,Diabotical,600.0,100.0
266,162,Gabon,540.5,1,Fortnite,540.5,100.0
533,163,Aruba,518.74,5,Apex Legends,380.0,73.25
60,164,Bermuda,506.0,4,Dota 2,200.0,39.53
798,165,Tuvalu,500.0,1,Fortnite,500.0,100.0
72,166,Botswana,338.49,2,VALORANT,233.33,68.93
580,167,Northern Mariana Islands,300.0,1,Quake III Arena,300.0,100.0
44,168,Bahamas,263.0,1,Yu-Gi-Oh! Duel Links,263.0,100.0
84,169,Belize,250.0,1,PLAYERUNKNOWN'S BATTLEGROUNDS Mobile,250.0,100.0
212,170,Dominica,200.0,1,Counter-Strike: Global Offensive,200.0,100.0
800,171,Uganda,149.66,2,Minecraft,100.0,66.82
850,172,"Virgin Islands, U.S.",100.0,1,Rocket League,100.0,100.0
585,173,Palau,80.0,1,Trackmania (2020),80.0,100.0
570,174,Niue,65.97,1,BlazBlue: Chronophantasma Extend,33.46,50.72
438,175,Liechtenstein,56.47,2,Call of Duty: Advanced Warfare,28.47,50.42
663,176,Saint Martin,50.0,1,Counter-Strike: Global Offensive,50.0,100.0
28,177,Antigua and Barbuda,28.42,1,Fortnite,28.42,100.0
598,178,Papua New Guinea,25.0,1,Diabotical,25.0,100.0
659,179,Saint Kitts and Nevis,20.0,1,Lichess,20.0,100.0
652,180,Saint Barthélemy,7.63,1,Tetr.io,7.63,100.0
