id,Rank,PerCapitaRank,Country,TotalPrize,NumPlayers,Population,PrizePerMillion,PlayersPerMillion,TopGame,TopGamePct
208,6,1,Denmark,64983477.8,2212,5946952,10927190.57,371.96,Counter-Strike: Global Offensive,35.54
246,15,2,Finland,34242723.88,2216,5583911,6132390.7,396.85,Dota 2,51.04
233,35,3,Estonia,8344307.33,377,1370286,6089464.05,275.13,Dota 2,52.1
752,8,4,Sweden,59204386.47,3367,10536632,5618909.96,319.55,Dota 2,33.3
292,107,5,Gibraltar,129663.11,2,38471,3370411.74,51.99,PLAYERUNKNOWN’S BATTLEGROUNDS,97.43
410,3,6,Korea,157154934.92,5987,51712619,3039005.53,115.77,League of Legends,26.5
776,97,7,Tonga,293090.17,1,104597,2802089.64,9.56,Call of Duty: Warzone,100.0
446,66,8,Macao,1819458.11,37,678800,2680403.82,54.51,Dota 2,73.46
578,27,9,Norway,14368356.16,1436,5519601,2603151.24,260.16,Fortnite,24.2
807,50,10,North Macedonia,4706315.64,94,1827816,2574830.09,51.43,Dota 2,79.17
428,54,11,Latvia,3757817.92,368,1883710,1994902.57,195.36,Counter-Strike: Global Offensive,37.64
496,41,12,Mongolia,6868171.72,346,3481145,1972963.41,99.39,PLAYERUNKNOWN'S BATTLEGROUNDS Mobile,41.32
100,31,13,Bulgaria,10520011.81,450,6446596,1631870.81,69.8,Dota 2,58.67
705,56,14,Slovenia,3444842.44,187,2120461,1624572.41,88.19,Fortnite,62.35
702,37,15,Singapore,7840011.31,1210,5917648,1324852.6,204.47,Dota 2,35.63
36,14,16,Australia,34850191.99,4639,26659922,1307212.83,174.01,Dota 2,23.06
124,10,17,Canada,50923056.73,4397,40083484,1270424.91,109.7,Fortnite,18.27
70,53,18,Bosnia and Herzegovina,4020227.68,89,3185073,1262208.96,27.94,Counter-Strike: Global Offensive,51.76
703,42,19,Slovakia,6654328.66,400,5426740,1226211.07,73.71,Dota 2,48.28
376,28,20,Israel,11445555.89,309,9849000,1162103.35,31.37,Dota 2,57.94
804,13,21,Ukraine,41266588.03,1727,37732836,1093651.91,45.77,Dota 2,58.15
528,23,22,Netherlands,19417763.5,2259,17877117,1086179.81,126.36,Fortnite,18.31
422,47,23,Lebanon,5874730.12,126,5773493,1017534.81,21.82,Dota 2,86.71
158,20,24,"Taiwan, Republic of China",23126488.07,1726,23570000,981183.2,73.23,League of Legends,25.84
440,61,25,Lithuania,2696555.83,431,2871585,939047.89,150.09,Counter-Strike: Global Offensive,26.25
250,7,26,France,63305148.91,6709,68372286,925889.02,98.12,Counter-Strike: Global Offensive,15.54
616,16,27,Poland,32940769.41,3164,36687353,897878.06,86.24,Counter-Strike: Global Offensive,25.46
840,2,28,United States,302310373.81,29506,336806231,897579.52,87.61,Fortnite,17.54
400,32,29,Jordan,9954854.92,173,11439213,870239.49,15.12,Dota 2,88.64
51,63,30,Armenia,2350099.48,56,2964300,792800.82,18.89,Dota 2,59.84
499,91,31,Montenegro,491235.7,19,623529,787831.36,30.47,Counter-Strike: Global Offensive,78.71
826,11,32,United Kingdom,50678488.56,5750,68492000,739918.36,83.95,Fortnite,17.39
352,98,33,Iceland,283300.68,183,385663,734580.92,474.51,Overwatch,36.1
40,43,34,Austria,6628282.31,752,9131761,725849.3,82.35,Fortnite,58.34
344,48,35,Hong Kong,5380808.51,720,7536100,714004.39,95.54,Fortnite,23.15
688,51,36,Serbia,4666060.03,448,6623183,704504.17,67.64,Fortnite,49.01
498,67,37,Moldova,1706897.78,82,2457783,694486.77,33.36,Dota 2,76.67
643,4,38,Russian Federation,98802081.46,5900,143826130,686955.02,41.02,Dota 2,44.23
458,19,39,Malaysia,23483951.29,1723,35126298,668557.54,49.05,Dota 2,62.2
203,39,40,Czech Republic,7112140.35,1308,10864042,654649.56,120.4,Dota 2,18.45
276,9,41,Germany,53322358.81,6986,83287273,640222.17,83.88,Dota 2,22.11
112,49,42,Belarus,5345267.51,441,9178298,582381.12,48.05,Dota 2,44.03
620,46,43,Portugal,6112590.52,1234,10578174,577849.31,116.66,Counter-Strike: Global Offensive,16.06
191,64,44,Croatia,2203492.13,331,3859686,570899.32,85.76,League of Legends,32.84
56,45,45,Belgium,6284274.82,1004,11779946,533472.29,85.23,League of Legends,16.7
554,60,46,New Zealand,2737648.92,482,5200000,526470.95,92.69,Fortnite,28.66
682,25,47,Saudi Arabia,15933871.91,1763,33702731,472776.88,52.31,Rocket League,29.14
764,17,48,Thailand,31615491.27,2319,71702435,440926.33,32.34,Arena of Valor,23.15
756,55,49,Switzerland,3520704.08,736,8888822,396082.19,82.8,Fortnite,59.19
76,5,50,Brazil,74227001.41,6076,211140729,351552.26,28.78,Rainbow Six Siege,17.93
630,76,51,Puerto Rico,1128335.57,158,3221789,350220.19,49.04,NBA 2K20,22.16
392,12,52,Japan,43539468.19,4007,124516650,349667.84,32.18,PLAYERUNKNOWN'S BATTLEGROUNDS Mobile,13.32
724,24,53,Spain,16836886.45,2920,48352528,348211.09,60.39,Rocket League,9.89
383,88,54,Kosovo,580526.17,72,1682668,345003.39,42.79,Counter-Strike: Global Offensive,65.05
642,44,55,Romania,6553501.11,703,19061062,343816.16,36.88,Dota 2,42.86
48,90,56,Bahrain,539518.66,59,1577059,342104.3,37.41,Fortnite,64.76
470,102,57,Malta,187994.59,301,552747,340109.65,544.55,FIFA 18,20.63
398,40,58,Kazakhstan,6885899.1,845,20330104,338704.57,41.56,Counter-Strike: Global Offensive,47.95
858,78,59,Uruguay,1122946.35,176,3388081,331440.23,51.95,Counter-Strike 2,14.56
492,128,60,Monaco,12764.54,5,38956,327665.57,128.35,Chess.com,61.2
604,33,61,Peru,9845444.01,727,33845617,290892.73,21.48,Dota 2,82.29
348,59,62,Hungary,2772541.21,789,9592186,289041.64,82.25,Counter-Strike 2,21.32
372,72,63,Ireland,1506563.47,369,5311538,283639.78,69.47,Fortnite,17.44
300,58,64,Greece,2865073.3,557,10407351,275293.23,53.52,Dota 2,44.66
304,127,65,Greenland,15325.0,3,56865,269497.93,52.76,Fortnite,100.0
32,30,66,Argentina,11054993.83,1595,45538401,242762.01,35.03,Fortnite,24.71
96,110,67,Brunei Darussalam,109475.63,215,458949,238535.5,468.46,PLAYERUNKNOWN'S BATTLEGROUNDS Mobile,54.0
608,18,68,Philippines,27381660.37,1918,114891199,238326.87,16.69,Dota 2,44.47
156,1,69,China,333125153.95,9387,1410710000,236140.07,6.65,Dota 2,26.08
417,70,70,Kyrgyzstan,1559921.28,110,7099750,219714.96,15.49,Dota 2,83.44
152,52,71,Chile,4189237.29,934,19658835,213096.93,47.51,VALORANT,22.37
442,106,72,Luxembourg,140463.9,67,666430,210770.67,100.54,Fortnite,29.14
704,22,73,Viet Nam,20062703.41,2831,98858950,202942.71,28.64,Arena of Valor,25.12
268,85,74,Georgia,679252.03,124,3715483,182816.62,33.37,PLAYERUNKNOWN’S BATTLEGROUNDS,50.75
234,130,75,Faroe Islands,9849.49,27,54414,181010.22,496.2,Counter-Strike: Global Offensive,94.38
792,26,76,Turkey,15372442.78,1736,85325965,180161.37,20.35,PLAYERUNKNOWN'S BATTLEGROUNDS Mobile,24.47
414,83,77,Kuwait,838446.88,222,4853420,172753.83,45.74,Rainbow Six Siege,23.62
380,34,78,Italy,8436692.19,1756,58984216,143033.05,29.77,Fortnite,10.57
214,75,79,Dominican Republic,1266032.01,133,11331265,111729.1,11.74,Street Fighter V,21.23
784,77,80,United Arab Emirates,1126246.92,285,10483751,107427.86,27.18,Street Fighter 6,32.42
68,79,81,Bolivia,1097798.26,72,12244159,89658.94,5.88,Dota 2,91.51
484,29,82,Mexico,11088869.33,1601,129739759,85470.09,12.34,Fortnite,20.64
360,21,83,Indonesia,21898365.11,2653,281190067,77877.45,9.43,Free Fire,23.8
31,86,84,Azerbaijan,677050.77,112,10153958,66678.51,11.03,chess24,43.61
192,84,85,Cuba,684906.19,51,11019931,62151.59,4.63,Fortnite,42.83
258,126,86,French Polynesia,16773.21,3,281118,59666.08,10.67,League of Legends,89.59
8,105,87,Albania,143647.5,69,2414095,59503.66,28.58,PLAYERUNKNOWN’S BATTLEGROUNDS,30.7
504,65,88,Morocco,2194798.76,231,37712505,58198.17,6.13,Rocket League,49.58
524,68,89,Nepal,1685473.25,171,29694614,56760.23,5.76,PLAYERUNKNOWN'S BATTLEGROUNDS Mobile,96.5
833,142,90,Isle of Man,4546.67,3,84165,54020.91,35.64,iRacing.com,61.28
876,161,91,Wallis And Futuna,600.0,1,11250,53333.33,88.89,Diabotical,100.0
116,81,92,Cambodia,899777.15,247,17423880,51640.46,14.18,Mobile Legends: Bang Bang,55.43
798,165,93,Tuvalu,500.0,1,9816,50937.25,101.87,Fortnite,100.0
418,94,94,Laos,363675.84,109,7664993,47446.34,14.22,Dota 2,77.71
634,108,95,Qatar,122571.18,63,2656032,46148.23,23.72,Fortnite,18.34
570,174,96,Niue,65.97,1,1600,41231.25,625.0,BlazBlue: Chronophantasma Extend,50.72
710,62,97,South Africa,2486049.1,884,63212384,39328.51,13.98,Counter-Strike: Global Offensive,41.07
860,74,98,Uzbekistan,1401185.35,207,35652307,39301.39,5.81,Dota 2,36.54
188,100,99,Costa Rica,200354.0,91,5105525,39242.59,17.82,League of Legends,26.72
558,99,100,Nicaragua,266466.08,13,6823613,39050.59,1.91,Dota 2,68.43
275,101,101,"Palestine, State of",191592.98,40,5165775,37088.91,7.74,League of Legends,48.87
530,138,102,Netherlands Antilles,5700.0,1,154654,36856.47,6.47,Overwatch 2,100.0
16,154,103,American Samoa,1750.0,1,47521,36825.82,21.04,Rainbow Six Siege,100.0
788,93,104,Tunisia,421259.81,119,12200431,34528.27,9.75,League of Legends,39.21
368,71,105,Iraq,1536020.96,158,45074049,34077.72,3.51,PLAYERUNKNOWN'S BATTLEGROUNDS Mobile,78.18
320,87,106,Guatemala,596547.07,57,18124838,32913.24,3.14,Counter-Strike 2,56.92
591,104,107,Panama,143797.61,68,4458759,32250.59,15.25,Fortnite,54.2
818,57,108,Egypt,3411552.44,347,114535772,29785.91,3.03,CrossFire,35.13
104,69,109,Myanmar,1580633.38,278,54133798,29198.64,5.14,Mobile Legends: Bang Bang,47.77
586,38,110,Pakistan,7157077.25,447,247504495,28916.96,1.81,Dota 2,67.35
832,141,111,Jersey,4706.33,4,167691,28065.49,23.85,Echo Arena,73.38
170,73,112,Colombia,1432554.96,426,52321152,27380.03,8.14,Free Fire,15.31
760,89,113,Syrian Arab Republic,573387.51,64,23594623,24301.62,2.71,PLAYERUNKNOWN'S BATTLEGROUNDS Mobile,52.46
512,109,114,Oman,114489.95,40,5049269,22674.56,7.92,Fortnite,80.86
831,147,115,Guernsey,3670.11,1,167691,21886.15,5.96,Rocket League,100.0
12,82,116,Algeria,869063.58,145,46164219,18825.48,3.14,PLAYERUNKNOWN'S BATTLEGROUNDS Mobile,26.98
462,131,117,Maldives,9796.54,11,525994,18624.81,20.91,Rocket League,98.76
218,95,118,Ecuador,319056.05,86,17980083,17744.97,4.78,Free Fire,48.92
540,140,119,New Caledonia,5112.97,6,289870,17638.84,20.7,Shadowverse,64.54
480,124,120,Mauritius,21523.33,29,1248647,17237.32,23.23,Call of Duty: Mobile,34.07
862,92,121,Venezuela,471861.37,207,28300854,16673.04,7.31,League of Legends,12.85
780,125,122,Trinidad and Tobago,17419.26,8,1367510,12737.94,5.85,Fortnite,21.67
364,80,123,"Iran, Islamic Republic of",1072378.3,171,89170000,12026.22,1.92,Chess.com,53.1
20,159,124,Andorra,952.26,5,80856,11777.23,61.84,Chess.com,60.38
600,114,125,Paraguay,69699.69,49,6844146,10183.84,7.16,PLAYERUNKNOWN'S BATTLEGROUNDS Mobile,30.29
328,133,126,Guyana,8366.67,2,826353,10124.81,2.42,PLAYERUNKNOWN'S BATTLEGROUNDS Mobile,91.63
686,103,127,Senegal,177159.17,12,18077573,9799.94,0.66,FIFA 21,36.1
340,111,128,Honduras,102812.29,30,10644851,9658.41,2.82,PLAYERUNKNOWN'S BATTLEGROUNDS Mobile,64.91
388,121,129,Jamaica,26074.54,18,2839786,9181.87,6.34,Call of Duty: Warzone,51.84
434,115,130,Libyan Arab Jamahiriya,66120.3,17,7305659,9050.56,2.33,PLAYERUNKNOWN'S BATTLEGROUNDS Mobile,82.93
740,139,131,Suriname,5655.04,3,628886,8992.15,4.77,Pokemon Unite,82.82
60,164,132,Bermuda,506.0,4,64698,7820.95,61.83,Dota 2,39.53
316,157,133,Guam,1250.0,1,166506,7507.24,6.01,Tekken 8,100.0
222,116,134,El Salvador,47351.19,20,6309624,7504.6,3.17,Pokemon Unite,26.24
242,137,135,Fiji,6415.25,2,924145,6941.82,2.16,Fortnite,90.44
580,167,136,Northern Mariana Islands,300.0,1,45143,6645.55,22.15,Quake III Arena,100.0
356,36,137,India,8014054.92,1639,1438069596,5572.79,1.14,PLAYERUNKNOWN'S BATTLEGROUNDS Mobile,47.96
533,163,138,Aruba,518.74,5,107359,4831.83,46.57,Apex Legends,73.25
585,173,139,Palau,80.0,1,17727,4512.89,56.41,Trackmania (2020),100.0
212,170,140,Dominica,200.0,1,66510,3007.07,15.04,Counter-Strike: Global Offensive,100.0
516,134,141,Namibia,8271.59,7,2963095,2791.54,2.36,Counter-Strike: Global Offensive,60.45
887,112,142,Yemen,89051.24,12,34449825,2584.95,0.35,Rocket League,43.11
196,150,143,Cyprus,2906.09,13,1344976,2160.7,9.67,Rocket League,44.96
4,113,144,Afghanistan,79984.2,10,41454761,1929.43,0.24,Call of Duty: Black Ops 4,92.36
663,176,145,Saint Martin,50.0,1,27515,1817.19,36.34,Counter-Strike: Global Offensive,100.0
50,96,146,Bangladesh,296257.37,132,171466990,1727.78,0.77,PLAYERUNKNOWN'S BATTLEGROUNDS Mobile,42.92
144,118,147,Sri Lanka,33112.34,34,22037000,1502.58,1.54,Vainglory,33.25
438,175,148,Liechtenstein,56.47,2,39846,1417.21,50.19,Call of Duty: Advanced Warfare,50.42
120,120,149,Cameroon,31899.2,1,28372687,1124.29,0.04,Street Fighter 6,31.89
795,135,150,Turkmenistan,7553.95,12,7364438,1025.73,1.63,Dota 2,85.39
850,172,151,"Virgin Islands, U.S.",100.0,1,104917,953.13,9.53,Rocket League,100.0
248,146,152,Åland Islands,3920.2,19,5583911,702.05,3.4,Heroes of Newerth,69.83
638,117,153,Reunion,45605.23,37,68372286,667.01,0.54,Rocket League,100.0
44,168,154,Bahamas,263.0,1,400516,656.65,2.5,Yu-Gi-Oh! Duel Links,100.0
84,169,155,Belize,250.0,1,411106,608.12,2.43,PLAYERUNKNOWN'S BATTLEGROUNDS Mobile,100.0
659,179,156,Saint Kitts and Nevis,20.0,1,47657,419.67,20.98,Lichess,100.0
384,129,157,Côte D'Ivoire,10909.22,7,31165654,350.04,0.22,Tekken 7,66.0
762,149,158,Tajikistan,3475.0,1,10389799,334.46,0.1,PLAYERUNKNOWN'S BATTLEGROUNDS Mobile,100.0
28,177,159,Antigua and Barbuda,28.42,1,93316,304.56,10.72,Fortnite,100.0
716,145,160,Zimbabwe,4360.0,2,16340822,266.82,0.12,PLAYERUNKNOWN'S BATTLEGROUNDS Mobile,97.71
266,162,161,Gabon,540.5,1,2484789,217.52,0.4,Fortnite,100.0
231,123,162,Ethiopia,24869.95,2,128691692,193.25,0.02,Overwatch,95.17
332,153,163,Haiti,1900.0,1,11637398,163.27,0.09,Fortnite,100.0
478,160,164,Mauritania,759.0,1,5022441,151.12,0.2,Hearthstone,100.0
450,144,165,Madagascar,4458.0,8,31195932,142.9,0.26,Tekken 7,53.84
566,119,166,Nigeria,32186.71,8,227882945,141.24,0.04,PLAYERUNKNOWN'S BATTLEGROUNDS Mobile,53.09
72,166,167,Botswana,338.49,2,2480244,136.47,0.81,VALORANT,68.93
312,132,168,Guadeloupe,8888.64,1,68372286,130.0,0.01,FIFA 18,93.72
729,136,169,Sudan,6455.84,4,50042791,129.01,0.08,PLAYERUNKNOWN'S BATTLEGROUNDS Mobile,98.45
768,158,170,Togo,1200.0,1,9304337,128.97,0.11,Tekken 7,100.0
288,148,171,Ghana,3649.89,6,33787914,108.02,0.18,FIFA 19,76.95
894,155,172,Zambia,1635.44,2,20723965,78.92,0.1,Mortal Kombat 11,74.85
581,122,173,US Minor Outlying Islands,25105.0,3,336806231,74.54,0.01,Battlefield 2: Modern Combat,99.58
508,151,174,Mozambique,2345.69,5,33635160,69.74,0.15,PLAYERUNKNOWN'S BATTLEGROUNDS Mobile,81.85
834,143,175,Tanzania,4500.0,1,66617606,67.55,0.02,Magic: The Gathering Arena,100.0
404,152,176,Kenya,2304.94,6,55339003,41.65,0.11,Overwatch,64.32
24,156,177,Angola,1400.0,5,36749906,38.1,0.14,PLAYERUNKNOWN'S BATTLEGROUNDS Mobile,85.71
800,171,178,Uganda,149.66,2,48656601,3.08,0.04,Minecraft,66.82
598,178,179,Papua New Guinea,25.0,1,10389635,2.41,0.1,Diabotical,100.0
652,180,180,Saint Barthélemy,7.63,1,68372286,0.11,0.01,Tetr.io,100.0
